Timestamp,Project,SessionID,ActionID,ToolUsed,Model,ComputeCost,TaskStatus,Deployment
2026-04-07T18:17:14Z,infra-agent,OC-SESS-9291,ACT-OC-100000,browse,gpt-4o,0.0187,FAILED_SYSCALL,PROD-A
2026-04-07T14:15:59Z,shop-bot,OC-SESS-9218,ACT-OC-100001,edit,gpt-4o,0.0742,FAILED_SYSCALL,PROD-A
2026-04-07T19:18:11Z,infra-agent,OC-SESS-7923,ACT-OC-100002,shell,gpt-4o,0.0281,FAILED_SYSCALL,PROD-A
2026-04-07T17:22:06Z,vequil-alpha,OC-SESS-2260,ACT-OC-100003,edit,gpt-4o,0.0313,FAILED_SYSCALL,PROD-A
2026-04-07T10:07:48Z,vequil-alpha,OC-SESS-3694,ACT-OC-100004,read,gpt-4o,0.0985,FAILED_SYSCALL,PROD-A
2026-04-07T20:42:26Z,infra-agent,OC-SESS-7098,ACT-OC-100005,shell,gpt-4o,0.065,FAILED_SYSCALL,PROD-A
2026-04-07T18:08:01Z,vequil-alpha,OC-SESS-9991,ACT-OC-100006,browse,gpt-4o,0.1391,FAILED_SYSCALL,PROD-A
2026-04-07T18:25:57Z,vequil-alpha,OC-SESS-8329,ACT-OC-100007,edit,gpt-4o,0.0547,FAILED_SYSCALL,PROD-A
2026-04-07T10:32:14Z,infra-agent,OC-SESS-4781,ACT-OC-100008,edit,gpt-4o,0.1117,FAILED_SYSCALL,PROD-A
2026-04-07T14:24:16Z,vequil-alpha,OC-SESS-3117,ACT-OC-100009,edit,gpt-4o,0.0746,FAILED_SYSCALL,PROD-A
2026-04-07T13:26:58Z,shop-bot,OC-SESS-9642,ACT-OC-100010,edit,gpt-4o,0.1024,FAILED_SYSCALL,PROD-A
2026-04-07T20:07:16Z,vequil-alpha,OC-SESS-3485,ACT-OC-100011,edit,gpt-4o,0.094,FAILED_SYSCALL,PROD-A
2026-04-07T16:43:34Z,vequil-alpha,OC-SESS-4079,ACT-OC-100012,edit,gpt-4o,0.0762,FAILED_SYSCALL,PROD-A
2026-04-07T18:52:23Z,infra-agent,OC-SESS-9679,ACT-OC-100013,shell,gpt-4o,0.143,FAILED_SYSCALL,PROD-A
2026-04-07T14:19:15Z,vequil-alpha,OC-SESS-6054,ACT-OC-100014,read,gpt-4o,0.058,FAILED_SYSCALL,PROD-A
2026-04-07T11:43:36Z,vequil-alpha,OC-SESS-3381,ACT-OC-100015,browse,gpt-4o,0.0348,FAILED_SYSCALL,PROD-A
2026-04-07T15:39:18Z,infra-agent,OC-SESS-1048,ACT-OC-100016,shell,gpt-4o,0.1049,FAILED_SYSCALL,PROD-A
2026-04-07T09:45:56Z,infra-agent,OC-SESS-4869,ACT-OC-100017,browse,gpt-4o,0.1284,FAILED_SYSCALL,PROD-A
2026-04-07T18:55:53Z,vequil-alpha,OC-SESS-9873,ACT-OC-100018,browse,gpt-4o,0.0156,FAILED_SYSCALL,PROD-A
2026-04-07T16:34:47Z,infra-agent,OC-SESS-4892,ACT-OC-100019,shell,gpt-4o,0.0729,FAILED_SYSCALL,PROD-A
2026-04-07T18:05:49Z,shop-bot,OC-SESS-7295,ACT-OC-100020,read,gpt-4o,0.1349,FAILED_SYSCALL,PROD-A
2026-04-07T13:15:15Z,infra-agent,OC-SESS-3277,ACT-OC-100021,shell,gpt-4o,0.1149,FAILED_SYSCALL,PROD-A
2026-04-07T20:38:54Z,vequil-alpha,OC-SESS-7979,ACT-OC-100022,browse,gpt-4o,0.1489,FAILED_SYSCALL,PROD-A
2026-04-07T19:43:02Z,infra-agent,OC-SESS-7981,ACT-OC-100023,browse,gpt-4o,0.0844,FAILED_SYSCALL,PROD-A
2026-04-07T18:20:26Z,shop-bot,OC-SESS-6474,ACT-OC-100024,read,gpt-4o,0.1024,FAILED_SYSCALL,PROD-A
2026-04-07T11:20:08Z,infra-agent,OC-SESS-7945,ACT-OC-100025,edit,gpt-4o,0.0523,FAILED_SYSCALL,PROD-A
2026-04-07T14:36:02Z,shop-bot,OC-SESS-6208,ACT-OC-100026,read,gpt-4o,0.1427,FAILED_SYSCALL,PROD-A
2026-04-07T09:31:32Z,infra-agent,OC-SESS-4404,ACT-OC-100027,shell,gpt-4o,0.0613,FAILED_SYSCALL,PROD-A
2026-04-07T10:51:05Z,shop-bot,OC-SESS-7640,ACT-OC-100028,read,gpt-4o,0.1134,FAILED_SYSCALL,PROD-A
2026-04-07T17:11:47Z,vequil-alpha,OC-SESS-8515,ACT-OC-100029,read,gpt-4o,0.0664,FAILED_SYSCALL,PROD-A
2026-04-07T17:56:13Z,infra-agent,OC-SESS-8568,ACT-OC-100030,browse,gpt-4o,0.0887,FAILED_SYSCALL,PROD-A
2026-04-07T20:36:36Z,infra-agent,OC-SESS-2917,ACT-OC-100031,edit,gpt-4o,0.1108,FAILED_SYSCALL,PROD-A
2026-04-07T12:54:35Z,vequil-alpha,OC-SESS-7088,ACT-OC-100032,shell,gpt-4o,0.0813,FAILED_SYSCALL,PROD-A
2026-04-07T13:26:43Z,shop-bot,OC-SESS-1038,ACT-OC-100033,read,gpt-4o,0.137,FAILED_SYSCALL,PROD-A
2026-04-07T14:38:04Z,shop-bot,OC-SESS-6147,ACT-OC-100034,read,gpt-4o,0.0687,FAILED_SYSCALL,PROD-A
2026-04-07T11:16:25Z,shop-bot,OC-SESS-6139,ACT-OC-100035,browse,gpt-4o,0.1006,FAILED_SYSCALL,PROD-A
2026-04-07T10:33:32Z,infra-agent,OC-SESS-4271,ACT-OC-100036,edit,gpt-4o,0.0579,FAILED_SYSCALL,PROD-A
2026-04-07T14:42:30Z,infra-agent,OC-SESS-9945,ACT-OC-100037,browse,gpt-4o,0.0671,FAILED_SYSCALL,PROD-A
2026-04-07T11:43:22Z,vequil-alpha,OC-SESS-8945,ACT-OC-100038,shell,gpt-4o,0.0716,FAILED_SYSCALL,PROD-A
2026-04-07T17:02:15Z,infra-agent,OC-SESS-1347,ACT-OC-100039,edit,gpt-4o,0.0276,FAILED_SYSCALL,PROD-A
2026-04-07T14:14:44Z,shop-bot,OC-SESS-2879,ACT-OC-100040,edit,gpt-4o,0.0228,FAILED_SYSCALL,PROD-A
2026-04-07T18:59:31Z,infra-agent,OC-SESS-2871,ACT-OC-100041,read,gpt-4o,0.1034,FAILED_SYSCALL,PROD-A
2026-04-07T17:24:11Z,infra-agent,OC-SESS-9077,ACT-OC-100042,read,gpt-4o,0.1018,FAILED_SYSCALL,PROD-A
2026-04-07T12:44:54Z,shop-bot,OC-SESS-5669,ACT-OC-100043,browse,gpt-4o,0.1028,FAILED_SYSCALL,PROD-A
2026-04-07T18:59:13Z,shop-bot,OC-SESS-7559,ACT-OC-100044,read,gpt-4o,0.0128,FAILED_SYSCALL,PROD-A
2026-04-07T18:39:25Z,shop-bot,OC-SESS-8288,ACT-OC-100045,edit,gpt-4o,0.0557,FAILED_SYSCALL,PROD-A
2026-04-07T13:38:59Z,infra-agent,OC-SESS-7907,ACT-OC-100046,edit,gpt-4o,0.0377,FAILED_SYSCALL,PROD-A
2026-04-07T12:27:35Z,shop-bot,OC-SESS-1801,ACT-OC-100047,edit,gpt-4o,0.1189,FAILED_SYSCALL,PROD-A
2026-04-07T17:11:23Z,vequil-alpha,OC-SESS-2262,ACT-OC-100048,read,gpt-4o,0.1305,FAILED_SYSCALL,PROD-A
2026-04-07T10:40:37Z,shop-bot,OC-SESS-4556,ACT-OC-100049,edit,gpt-4o,0.0445,FAILED_SYSCALL,PROD-A
2026-04-07T11:23:56Z,vequil-alpha,OC-SESS-4045,ACT-OC-100050,shell,gpt-4o,0.1035,COMPLETED,PROD-A
2026-04-07T09:05:18Z,shop-bot,OC-SESS-7722,ACT-OC-100051,shell,gpt-4o,0.0281,COMPLETED,PROD-A
2026-04-07T18:26:35Z,vequil-alpha,OC-SESS-2405,ACT-OC-100052,browse,gpt-4o,0.0485,COMPLETED,PROD-A
2026-04-07T16:58:41Z,vequil-alpha,OC-SESS-4343,ACT-OC-100053,edit,gpt-4o,0.0294,COMPLETED,PROD-A
2026-04-07T17:27:43Z,infra-agent,OC-SESS-3128,ACT-OC-100054,edit,gpt-4o,0.0497,COMPLETED,PROD-A
2026-04-07T18:22:07Z,vequil-alpha,OC-SESS-2699,ACT-OC-100055,browse,gpt-4o,0.1045,COMPLETED,PROD-A
2026-04-07T14:30:25Z,shop-bot,OC-SESS-2555,ACT-OC-100056,edit,gpt-4o,0.1374,COMPLETED,PROD-A
2026-04-07T15:49:29Z,infra-agent,OC-SESS-2759,ACT-OC-100057,read,gpt-4o,0.0384,COMPLETED,PROD-A
2026-04-07T10:40:39Z,infra-agent,OC-SESS-6078,ACT-OC-100058,browse,gpt-4o,0.0859,COMPLETED,PROD-A
2026-04-07T10:22:27Z,shop-bot,OC-SESS-4690,ACT-OC-100059,browse,gpt-4o,0.1082,COMPLETED,PROD-A
2026-04-07T17:01:15Z,vequil-alpha,OC-SESS-4917,ACT-OC-100060,edit,gpt-4o,0.1434,COMPLETED,PROD-A
2026-04-07T14:39:11Z,infra-agent,OC-SESS-5314,ACT-OC-100061,browse,gpt-4o,0.0954,COMPLETED,PROD-A
2026-04-07T15:46:58Z,infra-agent,OC-SESS-7668,ACT-OC-100062,read,gpt-4o,0.0457,COMPLETED,PROD-A
2026-04-07T18:10:47Z,shop-bot,OC-SESS-8755,ACT-OC-100063,read,gpt-4o,0.0976,COMPLETED,PROD-A
2026-04-07T16:36:59Z,vequil-alpha,OC-SESS-5737,ACT-OC-100064,edit,gpt-4o,0.0549,COMPLETED,PROD-A
2026-04-07T15:38:34Z,vequil-alpha,OC-SESS-6779,ACT-OC-100065,browse,gpt-4o,0.1467,COMPLETED,PROD-A
2026-04-07T15:42:37Z,vequil-alpha,OC-SESS-7646,ACT-OC-100066,edit,gpt-4o,0.066,COMPLETED,PROD-A
2026-04-07T12:38:50Z,vequil-alpha,OC-SESS-7212,ACT-OC-100067,shell,gpt-4o,0.106,COMPLETED,PROD-A
2026-04-07T09:22:11Z,infra-agent,OC-SESS-2208,ACT-OC-100068,browse,gpt-4o,0.0133,COMPLETED,PROD-A
2026-04-07T14:14:26Z,vequil-alpha,OC-SESS-9845,ACT-OC-100069,shell,gpt-4o,0.066,COMPLETED,PROD-A
2026-04-07T11:34:30Z,vequil-alpha,OC-SESS-2483,ACT-OC-100070,shell,gpt-4o,0.1325,COMPLETED,PROD-A
2026-04-07T13:54:08Z,infra-agent,OC-SESS-4706,ACT-OC-100071,shell,gpt-4o,0.0954,COMPLETED,PROD-A
2026-04-07T19:14:27Z,infra-agent,OC-SESS-6872,ACT-OC-100072,edit,gpt-4o,0.0722,COMPLETED,PROD-A
2026-04-07T11:48:26Z,vequil-alpha,OC-SESS-4629,ACT-OC-100073,shell,gpt-4o,0.141,COMPLETED,PROD-A
2026-04-07T09:41:58Z,shop-bot,OC-SESS-3187,ACT-OC-100074,edit,gpt-4o,0.1296,COMPLETED,PROD-A
2026-04-07T12:22:35Z,shop-bot,OC-SESS-9309,ACT-OC-100075,browse,gpt-4o,0.0551,COMPLETED,PROD-A
2026-04-07T12:31:23Z,shop-bot,OC-SESS-1643,ACT-OC-100076,browse,gpt-4o,0.0862,COMPLETED,PROD-A
2026-04-07T16:56:34Z,infra-agent,OC-SESS-3212,ACT-OC-100077,read,gpt-4o,0.0786,COMPLETED,PROD-A
2026-04-07T15:41:03Z,infra-agent,OC-SESS-9935,ACT-OC-100078,edit,gpt-4o,0.0985,COMPLETED,PROD-A
2026-04-07T18:24:24Z,infra-agent,OC-SESS-7567,ACT-OC-100079,edit,gpt-4o,0.0568,COMPLETED,PROD-A
2026-04-07T16:58:18Z,vequil-alpha,OC-SESS-1782,ACT-OC-100080,edit,gpt-4o,0.0442,COMPLETED,PROD-A
2026-04-07T13:52:35Z,vequil-alpha,OC-SESS-7790,ACT-OC-100081,shell,gpt-4o,0.1378,COMPLETED,PROD-A
2026-04-07T18:46:05Z,shop-bot,OC-SESS-9724,ACT-OC-100082,shell,gpt-4o,0.1393,COMPLETED,PROD-A
2026-04-07T11:00:13Z,vequil-alpha,OC-SESS-1879,ACT-OC-100083,edit,gpt-4o,0.1281,COMPLETED,PROD-A
2026-04-07T09:16:21Z,shop-bot,OC-SESS-4726,ACT-OC-100084,read,gpt-4o,0.1469,COMPLETED,PROD-A
2026-04-07T10:04:50Z,vequil-alpha,OC-SESS-5213,ACT-OC-100085,shell,gpt-4o,0.1143,COMPLETED,PROD-A
2026-04-07T17:40:05Z,infra-agent,OC-SESS-2178,ACT-OC-100086,shell,gpt-4o,0.1171,COMPLETED,PROD-A
2026-04-07T14:32:33Z,vequil-alpha,OC-SESS-2804,ACT-OC-100087,read,gpt-4o,0.1168,COMPLETED,PROD-A
2026-04-07T10:56:06Z,vequil-alpha,OC-SESS-2563,ACT-OC-100088,read,gpt-4o,0.0773,COMPLETED,PROD-A
2026-04-07T15:00:45Z,vequil-alpha,OC-SESS-2668,ACT-OC-100089,shell,gpt-4o,0.0739,COMPLETED,PROD-A
2026-04-07T10:49:39Z,vequil-alpha,OC-SESS-4631,ACT-OC-100090,browse,gpt-4o,0.0436,COMPLETED,PROD-A
2026-04-07T17:21:21Z,shop-bot,OC-SESS-5173,ACT-OC-100091,edit,gpt-4o,0.1003,COMPLETED,PROD-A
2026-04-07T14:21:13Z,shop-bot,OC-SESS-3141,ACT-OC-100092,shell,gpt-4o,0.0505,COMPLETED,PROD-A
2026-04-07T13:34:20Z,infra-agent,OC-SESS-3604,ACT-OC-100093,browse,gpt-4o,0.0461,COMPLETED,PROD-A
2026-04-07T12:37:05Z,vequil-alpha,OC-SESS-2729,ACT-OC-100094,browse,gpt-4o,0.092,COMPLETED,PROD-A
2026-04-07T16:33:48Z,shop-bot,OC-SESS-8163,ACT-OC-100095,edit,gpt-4o,0.0674,COMPLETED,PROD-A
2026-04-07T13:20:30Z,shop-bot,OC-SESS-2905,ACT-OC-100096,browse,gpt-4o,0.0406,COMPLETED,PROD-A
2026-04-07T10:03:06Z,shop-bot,OC-SESS-9167,ACT-OC-100097,browse,gpt-4o,0.1242,COMPLETED,PROD-A
2026-04-07T10:24:57Z,infra-agent,OC-SESS-5849,ACT-OC-100098,browse,gpt-4o,0.1305,COMPLETED,PROD-A
2026-04-07T20:32:33Z,vequil-alpha,OC-SESS-8223,ACT-OC-100099,read,gpt-4o,0.0335,COMPLETED,PROD-A
2026-04-07T19:54:10Z,shop-bot,OC-SESS-6726,ACT-OC-100100,shell,gpt-4o,0.0111,COMPLETED,PROD-A
2026-04-07T17:23:47Z,infra-agent,OC-SESS-3394,ACT-OC-100101,shell,gpt-4o,0.0571,COMPLETED,PROD-A
2026-04-07T12:11:25Z,infra-agent,OC-SESS-6411,ACT-OC-100102,shell,gpt-4o,0.1217,COMPLETED,PROD-A
2026-04-07T20:37:48Z,shop-bot,OC-SESS-3466,ACT-OC-100103,read,gpt-4o,0.1275,COMPLETED,PROD-A
2026-04-07T18:20:42Z,shop-bot,OC-SESS-2066,ACT-OC-100104,read,gpt-4o,0.0294,COMPLETED,PROD-A
2026-04-07T17:36:09Z,infra-agent,OC-SESS-3292,ACT-OC-100105,edit,gpt-4o,0.1184,COMPLETED,PROD-A
2026-04-07T14:23:32Z,shop-bot,OC-SESS-3480,ACT-OC-100106,shell,gpt-4o,0.0262,COMPLETED,PROD-A
2026-04-07T12:16:00Z,infra-agent,OC-SESS-2215,ACT-OC-100107,read,gpt-4o,0.0646,COMPLETED,PROD-A
2026-04-07T10:09:24Z,vequil-alpha,OC-SESS-1212,ACT-OC-100108,browse,gpt-4o,0.1498,COMPLETED,PROD-A
2026-04-07T19:49:52Z,shop-bot,OC-SESS-9493,ACT-OC-100109,read,gpt-4o,0.037,COMPLETED,PROD-A
2026-04-07T14:28:09Z,vequil-alpha,OC-SESS-5620,ACT-OC-100110,browse,gpt-4o,0.0316,COMPLETED,PROD-A
2026-04-07T11:25:42Z,vequil-alpha,OC-SESS-4618,ACT-OC-100111,read,gpt-4o,0.0692,COMPLETED,PROD-A
2026-04-07T12:40:17Z,shop-bot,OC-SESS-9368,ACT-OC-100112,read,gpt-4o,0.0968,COMPLETED,PROD-A
2026-04-07T15:57:02Z,vequil-alpha,OC-SESS-3021,ACT-OC-100113,shell,gpt-4o,0.1406,COMPLETED,PROD-A
2026-04-07T11:07:16Z,shop-bot,OC-SESS-4625,ACT-OC-100114,edit,gpt-4o,0.1473,COMPLETED,PROD-A
2026-04-07T19:16:45Z,shop-bot,OC-SESS-8619,ACT-OC-100115,browse,gpt-4o,0.0197,COMPLETED,PROD-A
2026-04-07T18:06:08Z,shop-bot,OC-SESS-6687,ACT-OC-100116,browse,gpt-4o,0.0293,COMPLETED,PROD-A
2026-04-07T17:38:00Z,infra-agent,OC-SESS-4592,ACT-OC-100117,browse,gpt-4o,0.1207,COMPLETED,PROD-A
2026-04-07T14:11:06Z,infra-agent,OC-SESS-3302,ACT-OC-100118,edit,gpt-4o,0.0479,COMPLETED,PROD-A
2026-04-07T16:31:39Z,shop-bot,OC-SESS-1316,ACT-OC-100119,browse,gpt-4o,0.1339,COMPLETED,PROD-A
2026-04-07T16:00:33Z,vequil-alpha,OC-SESS-1765,ACT-OC-100120,edit,gpt-4o,0.1029,COMPLETED,PROD-A
2026-04-07T16:47:53Z,infra-agent,OC-SESS-2457,ACT-OC-100121,edit,gpt-4o,0.0257,COMPLETED,PROD-A
2026-04-07T10:00:47Z,vequil-alpha,OC-SESS-8078,ACT-OC-100122,read,gpt-4o,0.1266,COMPLETED,PROD-A
2026-04-07T13:59:22Z,shop-bot,OC-SESS-6752,ACT-OC-100123,read,gpt-4o,0.0347,COMPLETED,PROD-A
2026-04-07T09:29:57Z,shop-bot,OC-SESS-4900,ACT-OC-100124,shell,gpt-4o,0.0693,COMPLETED,PROD-A
2026-04-07T14:55:40Z,vequil-alpha,OC-SESS-8045,ACT-OC-100125,read,gpt-4o,0.0873,COMPLETED,PROD-A
2026-04-07T12:57:30Z,shop-bot,OC-SESS-2446,ACT-OC-100126,shell,gpt-4o,0.0801,COMPLETED,PROD-A
2026-04-07T10:44:03Z,vequil-alpha,OC-SESS-2898,ACT-OC-100127,edit,gpt-4o,0.1061,COMPLETED,PROD-A
2026-04-07T10:14:27Z,vequil-alpha,OC-SESS-4534,ACT-OC-100128,browse,gpt-4o,0.1014,COMPLETED,PROD-A
2026-04-07T16:03:06Z,shop-bot,OC-SESS-9255,ACT-OC-100129,edit,gpt-4o,0.1489,COMPLETED,PROD-A
2026-04-07T11:02:49Z,vequil-alpha,OC-SESS-6527,ACT-OC-100130,edit,gpt-4o,0.1499,COMPLETED,PROD-A
2026-04-07T20:06:05Z,infra-agent,OC-SESS-8658,ACT-OC-100131,read,gpt-4o,0.0823,COMPLETED,PROD-A
2026-04-07T15:58:21Z,vequil-alpha,OC-SESS-3233,ACT-OC-100132,browse,gpt-4o,0.0233,COMPLETED,PROD-A
2026-04-07T13:09:44Z,shop-bot,OC-SESS-8634,ACT-OC-100133,read,gpt-4o,0.1119,COMPLETED,PROD-A
2026-04-07T16:05:27Z,infra-agent,OC-SESS-1652,ACT-OC-100134,browse,gpt-4o,0.1467,COMPLETED,PROD-A
2026-04-07T09:16:25Z,vequil-alpha,OC-SESS-3048,ACT-OC-100135,shell,gpt-4o,0.0546,COMPLETED,PROD-A
2026-04-07T20:30:09Z,infra-agent,OC-SESS-5706,ACT-OC-100136,browse,gpt-4o,0.0746,COMPLETED,PROD-A
2026-04-07T14:47:15Z,infra-agent,OC-SESS-1454,ACT-OC-100137,edit,gpt-4o,0.0695,COMPLETED,PROD-A
2026-04-07T18:23:34Z,infra-agent,OC-SESS-8723,ACT-OC-100138,edit,gpt-4o,0.0172,COMPLETED,PROD-A
2026-04-07T09:59:33Z,vequil-alpha,OC-SESS-8805,ACT-OC-100139,read,gpt-4o,0.1041,COMPLETED,PROD-A
2026-04-07T14:50:23Z,infra-agent,OC-SESS-5872,ACT-OC-100140,shell,gpt-4o,0.0595,COMPLETED,PROD-A
2026-04-07T14:53:18Z,infra-agent,OC-SESS-3751,ACT-OC-100141,browse,gpt-4o,0.1202,COMPLETED,PROD-A
2026-04-07T20:15:14Z,infra-agent,OC-SESS-1890,ACT-OC-100142,read,gpt-4o,0.1265,COMPLETED,PROD-A
2026-04-07T15:51:38Z,vequil-alpha,OC-SESS-6569,ACT-OC-100143,browse,gpt-4o,0.125,COMPLETED,PROD-A
2026-04-07T14:40:54Z,infra-agent,OC-SESS-5838,ACT-OC-100144,shell,gpt-4o,0.0683,COMPLETED,PROD-A
2026-04-07T12:12:13Z,vequil-alpha,OC-SESS-7838,ACT-OC-100145,read,gpt-4o,0.055,COMPLETED,PROD-A
2026-04-07T12:58:43Z,shop-bot,OC-SESS-6422,ACT-OC-100146,browse,gpt-4o,0.1148,COMPLETED,PROD-A
2026-04-07T15:14:53Z,shop-bot,OC-SESS-2154,ACT-OC-100147,read,gpt-4o,0.1222,COMPLETED,PROD-A
2026-04-07T14:16:00Z,shop-bot,OC-SESS-2095,ACT-OC-100148,read,gpt-4o,0.0788,COMPLETED,PROD-A
2026-04-07T09:15:33Z,shop-bot,OC-SESS-8026,ACT-OC-100149,read,gpt-4o,0.135,COMPLETED,PROD-A
2026-04-07T18:54:55Z,vequil-alpha,OC-SESS-2431,ACT-OC-100150,edit,gpt-4o,0.0301,COMPLETED,PROD-A
2026-04-07T19:45:14Z,shop-bot,OC-SESS-9445,ACT-OC-100151,read,gpt-4o,0.1331,COMPLETED,PROD-A
2026-04-07T10:40:58Z,infra-agent,OC-SESS-1953,ACT-OC-100152,read,gpt-4o,0.0235,COMPLETED,PROD-A
2026-04-07T15:38:54Z,shop-bot,OC-SESS-7554,ACT-OC-100153,browse,gpt-4o,0.0315,COMPLETED,PROD-A
2026-04-07T10:18:10Z,vequil-alpha,OC-SESS-9776,ACT-OC-100154,shell,gpt-4o,0.0847,COMPLETED,PROD-A
2026-04-07T17:04:00Z,infra-agent,OC-SESS-4970,ACT-OC-100155,browse,gpt-4o,0.0195,COMPLETED,PROD-A
2026-04-07T12:22:29Z,vequil-alpha,OC-SESS-1510,ACT-OC-100156,edit,gpt-4o,0.0174,COMPLETED,PROD-A
2026-04-07T16:54:47Z,shop-bot,OC-SESS-8889,ACT-OC-100157,edit,gpt-4o,0.0101,COMPLETED,PROD-A
2026-04-07T17:43:26Z,shop-bot,OC-SESS-2685,ACT-OC-100158,shell,gpt-4o,0.0711,COMPLETED,PROD-A
2026-04-07T18:13:25Z,shop-bot,OC-SESS-5746,ACT-OC-100159,edit,gpt-4o,0.1184,COMPLETED,PROD-A
2026-04-07T10:17:34Z,infra-agent,OC-SESS-9859,ACT-OC-100160,shell,gpt-4o,0.0149,COMPLETED,PROD-A
2026-04-07T19:59:31Z,shop-bot,OC-SESS-7702,ACT-OC-100161,edit,gpt-4o,0.1013,COMPLETED,PROD-A
2026-04-07T11:45:45Z,infra-agent,OC-SESS-1416,ACT-OC-100162,edit,gpt-4o,0.1252,COMPLETED,PROD-A
2026-04-07T09:26:56Z,vequil-alpha,OC-SESS-8383,ACT-OC-100163,edit,gpt-4o,0.0335,COMPLETED,PROD-A
2026-04-07T15:39:29Z,infra-agent,OC-SESS-2451,ACT-OC-100164,browse,gpt-4o,0.0306,COMPLETED,PROD-A
2026-04-07T13:27:03Z,shop-bot,OC-SESS-7743,ACT-OC-100165,browse,gpt-4o,0.1305,COMPLETED,PROD-A
2026-04-07T18:57:26Z,vequil-alpha,OC-SESS-6587,ACT-OC-100166,edit,gpt-4o,0.1252,COMPLETED,PROD-A
2026-04-07T18:41:56Z,vequil-alpha,OC-SESS-3590,ACT-OC-100167,edit,gpt-4o,0.0855,COMPLETED,PROD-A
2026-04-07T12:48:20Z,infra-agent,OC-SESS-4812,ACT-OC-100168,read,gpt-4o,0.1247,COMPLETED,PROD-A
2026-04-07T20:26:05Z,shop-bot,OC-SESS-2060,ACT-OC-100169,browse,gpt-4o,0.023,COMPLETED,PROD-A
2026-04-07T12:29:27Z,shop-bot,OC-SESS-9880,ACT-OC-100170,browse,gpt-4o,0.0652,COMPLETED,PROD-A
2026-04-07T15:10:50Z,vequil-alpha,OC-SESS-3144,ACT-OC-100171,browse,gpt-4o,0.1133,COMPLETED,PROD-A
2026-04-07T12:04:17Z,shop-bot,OC-SESS-3777,ACT-OC-100172,edit,gpt-4o,0.046,COMPLETED,PROD-A
2026-04-07T20:13:57Z,infra-agent,OC-SESS-5525,ACT-OC-100173,shell,gpt-4o,0.1153,COMPLETED,PROD-A
2026-04-07T10:58:31Z,vequil-alpha,OC-SESS-7050,ACT-OC-100174,browse,gpt-4o,0.0806,COMPLETED,PROD-A
2026-04-07T09:32:20Z,shop-bot,OC-SESS-5546,ACT-OC-100175,shell,gpt-4o,0.115,COMPLETED,PROD-A
2026-04-07T14:13:16Z,shop-bot,OC-SESS-5545,ACT-OC-100176,edit,gpt-4o,0.0751,COMPLETED,PROD-A
2026-04-07T20:54:30Z,infra-agent,OC-SESS-6243,ACT-OC-100177,read,gpt-4o,0.0615,COMPLETED,PROD-A
2026-04-07T19:42:00Z,vequil-alpha,OC-SESS-8718,ACT-OC-100178,read,gpt-4o,0.0407,COMPLETED,PROD-A
2026-04-07T17:58:59Z,shop-bot,OC-SESS-4555,ACT-OC-100179,browse,gpt-4o,0.0392,COMPLETED,PROD-A
2026-04-07T19:41:22Z,infra-agent,OC-SESS-8488,ACT-OC-100180,shell,gpt-4o,0.1152,COMPLETED,PROD-A
2026-04-07T19:43:16Z,vequil-alpha,OC-SESS-8081,ACT-OC-100181,shell,gpt-4o,0.0266,COMPLETED,PROD-A
2026-04-07T15:13:34Z,infra-agent,OC-SESS-9648,ACT-OC-100182,shell,gpt-4o,0.022,COMPLETED,PROD-A
2026-04-07T12:47:28Z,infra-agent,OC-SESS-9217,ACT-OC-100183,read,gpt-4o,0.0347,COMPLETED,PROD-A
2026-04-07T18:15:50Z,infra-agent,OC-SESS-8182,ACT-OC-100184,read,gpt-4o,0.0345,COMPLETED,PROD-A
2026-04-07T16:56:23Z,shop-bot,OC-SESS-3220,ACT-OC-100185,edit,gpt-4o,0.1252,COMPLETED,PROD-A
2026-04-07T13:29:02Z,infra-agent,OC-SESS-7967,ACT-OC-100186,shell,gpt-4o,0.0658,COMPLETED,PROD-A
2026-04-07T10:08:00Z,infra-agent,OC-SESS-7627,ACT-OC-100187,shell,gpt-4o,0.1487,COMPLETED,PROD-A
2026-04-07T17:57:41Z,infra-agent,OC-SESS-3605,ACT-OC-100188,read,gpt-4o,0.0292,COMPLETED,PROD-A
2026-04-07T12:08:58Z,shop-bot,OC-SESS-7101,ACT-OC-100189,browse,gpt-4o,0.1015,COMPLETED,PROD-A
2026-04-07T20:14:30Z,shop-bot,OC-SESS-3276,ACT-OC-100190,shell,gpt-4o,0.0728,COMPLETED,PROD-A
2026-04-07T11:53:29Z,shop-bot,OC-SESS-5707,ACT-OC-100191,shell,gpt-4o,0.065,COMPLETED,PROD-A
2026-04-07T10:28:23Z,vequil-alpha,OC-SESS-8169,ACT-OC-100192,browse,gpt-4o,0.1325,COMPLETED,PROD-A
2026-04-07T18:58:24Z,infra-agent,OC-SESS-2696,ACT-OC-100193,edit,gpt-4o,0.1466,COMPLETED,PROD-A
2026-04-07T10:50:21Z,infra-agent,OC-SESS-4032,ACT-OC-100194,read,gpt-4o,0.1322,COMPLETED,PROD-A
2026-04-07T11:09:04Z,shop-bot,OC-SESS-8156,ACT-OC-100195,browse,gpt-4o,0.0369,COMPLETED,PROD-A
2026-04-07T16:11:33Z,vequil-alpha,OC-SESS-5083,ACT-OC-100196,edit,gpt-4o,0.0409,COMPLETED,PROD-A
2026-04-07T19:29:41Z,shop-bot,OC-SESS-9644,ACT-OC-100197,shell,gpt-4o,0.1019,COMPLETED,PROD-A
2026-04-07T11:21:25Z,shop-bot,OC-SESS-1071,ACT-OC-100198,shell,gpt-4o,0.0505,COMPLETED,PROD-A
2026-04-07T12:43:25Z,shop-bot,OC-SESS-7495,ACT-OC-100199,shell,gpt-4o,0.1129,COMPLETED,PROD-A
2026-04-07T18:19:43Z,infra-agent,OC-SESS-8326,ACT-OC-100200,read,gpt-4o,0.0893,COMPLETED,PROD-A
2026-04-07T20:39:42Z,infra-agent,OC-SESS-9259,ACT-OC-100201,edit,gpt-4o,0.0871,COMPLETED,PROD-A
2026-04-07T15:00:32Z,infra-agent,OC-SESS-2410,ACT-OC-100202,read,gpt-4o,0.126,COMPLETED,PROD-A
2026-04-07T10:43:36Z,infra-agent,OC-SESS-9856,ACT-OC-100203,shell,gpt-4o,0.1095,COMPLETED,PROD-A
2026-04-07T09:10:02Z,infra-agent,OC-SESS-4530,ACT-OC-100204,shell,gpt-4o,0.0137,COMPLETED,PROD-A
2026-04-07T11:45:21Z,shop-bot,OC-SESS-4168,ACT-OC-100205,read,gpt-4o,0.0169,COMPLETED,PROD-A
2026-04-07T10:34:54Z,shop-bot,OC-SESS-4199,ACT-OC-100206,shell,gpt-4o,0.0942,COMPLETED,PROD-A
2026-04-07T17:07:54Z,shop-bot,OC-SESS-6743,ACT-OC-100207,shell,gpt-4o,0.0781,COMPLETED,PROD-A
2026-04-07T10:27:43Z,shop-bot,OC-SESS-6932,ACT-OC-100208,edit,gpt-4o,0.0464,COMPLETED,PROD-A
2026-04-07T15:04:33Z,infra-agent,OC-SESS-5264,ACT-OC-100209,edit,gpt-4o,0.0686,COMPLETED,PROD-A
2026-04-07T17:19:52Z,shop-bot,OC-SESS-1639,ACT-OC-100210,shell,gpt-4o,0.1161,COMPLETED,PROD-A
2026-04-07T15:58:24Z,shop-bot,OC-SESS-9878,ACT-OC-100211,browse,gpt-4o,0.1257,COMPLETED,PROD-A
2026-04-07T11:23:50Z,vequil-alpha,OC-SESS-2998,ACT-OC-100212,edit,gpt-4o,0.0886,COMPLETED,PROD-A
2026-04-07T18:38:58Z,infra-agent,OC-SESS-1844,ACT-OC-100213,browse,gpt-4o,0.064,COMPLETED,PROD-A
2026-04-07T17:35:05Z,shop-bot,OC-SESS-6375,ACT-OC-100214,browse,gpt-4o,0.0479,COMPLETED,PROD-A
2026-04-07T17:52:04Z,shop-bot,OC-SESS-4710,ACT-OC-100215,shell,gpt-4o,0.0831,COMPLETED,PROD-A
2026-04-07T10:34:21Z,shop-bot,OC-SESS-6539,ACT-OC-100216,browse,gpt-4o,0.0541,COMPLETED,PROD-A
2026-04-07T10:29:06Z,vequil-alpha,OC-SESS-8878,ACT-OC-100217,read,gpt-4o,0.089,COMPLETED,PROD-A
2026-04-07T20:07:50Z,shop-bot,OC-SESS-1875,ACT-OC-100218,edit,gpt-4o,0.1047,COMPLETED,PROD-A
2026-04-07T13:46:15Z,infra-agent,OC-SESS-3556,ACT-OC-100219,read,gpt-4o,0.0193,COMPLETED,PROD-A
2026-04-07T12:36:40Z,shop-bot,OC-SESS-5648,ACT-OC-100220,shell,gpt-4o,0.0101,COMPLETED,PROD-A
2026-04-07T14:51:46Z,vequil-alpha,OC-SESS-8089,ACT-OC-100221,shell,gpt-4o,0.0397,COMPLETED,PROD-A
2026-04-07T16:57:15Z,shop-bot,OC-SESS-6405,ACT-OC-100222,edit,gpt-4o,0.1352,COMPLETED,PROD-A
2026-04-07T20:28:02Z,vequil-alpha,OC-SESS-4444,ACT-OC-100223,shell,gpt-4o,0.1005,COMPLETED,PROD-A
2026-04-07T12:26:14Z,shop-bot,OC-SESS-6489,ACT-OC-100224,edit,gpt-4o,0.0341,COMPLETED,PROD-A
2026-04-07T20:05:51Z,shop-bot,OC-SESS-9818,ACT-OC-100225,read,gpt-4o,0.1346,COMPLETED,PROD-A
2026-04-07T09:17:53Z,vequil-alpha,OC-SESS-5320,ACT-OC-100226,browse,gpt-4o,0.0758,COMPLETED,PROD-A
2026-04-07T15:39:44Z,infra-agent,OC-SESS-8950,ACT-OC-100227,edit,gpt-4o,0.0767,COMPLETED,PROD-A
2026-04-07T16:36:27Z,vequil-alpha,OC-SESS-8018,ACT-OC-100228,edit,gpt-4o,0.141,COMPLETED,PROD-A
2026-04-07T10:16:14Z,infra-agent,OC-SESS-3711,ACT-OC-100229,shell,gpt-4o,0.0183,COMPLETED,PROD-A
2026-04-07T10:41:02Z,infra-agent,OC-SESS-3245,ACT-OC-100230,read,gpt-4o,0.0401,COMPLETED,PROD-A
2026-04-07T14:01:45Z,vequil-alpha,OC-SESS-7930,ACT-OC-100231,shell,gpt-4o,0.092,COMPLETED,PROD-A
2026-04-07T20:35:41Z,shop-bot,OC-SESS-2867,ACT-OC-100232,read,gpt-4o,0.0374,COMPLETED,PROD-A
2026-04-07T16:09:09Z,vequil-alpha,OC-SESS-4031,ACT-OC-100233,edit,gpt-4o,0.1051,COMPLETED,PROD-A
2026-04-07T20:11:46Z,vequil-alpha,OC-SESS-3118,ACT-OC-100234,shell,gpt-4o,0.04,COMPLETED,PROD-A
2026-04-07T18:39:08Z,infra-agent,OC-SESS-6456,ACT-OC-100235,edit,gpt-4o,0.0239,COMPLETED,PROD-A
2026-04-07T14:36:30Z,infra-agent,OC-SESS-3646,ACT-OC-100236,shell,gpt-4o,0.039,COMPLETED,PROD-A
2026-04-07T18:25:01Z,vequil-alpha,OC-SESS-6925,ACT-OC-100237,edit,gpt-4o,0.0692,COMPLETED,PROD-A
2026-04-07T09:12:50Z,vequil-alpha,OC-SESS-9412,ACT-OC-100238,read,gpt-4o,0.0347,COMPLETED,PROD-A
2026-04-07T10:18:35Z,vequil-alpha,OC-SESS-8465,ACT-OC-100239,read,gpt-4o,0.0289,COMPLETED,PROD-A
2026-04-07T18:57:11Z,shop-bot,OC-SESS-9530,ACT-OC-100240,read,gpt-4o,0.1304,COMPLETED,PROD-A
2026-04-07T18:33:42Z,vequil-alpha,OC-SESS-1220,ACT-OC-100241,browse,gpt-4o,0.0549,COMPLETED,PROD-A
2026-04-07T11:47:30Z,vequil-alpha,OC-SESS-5098,ACT-OC-100242,edit,gpt-4o,0.0605,COMPLETED,PROD-A
2026-04-07T15:22:09Z,shop-bot,OC-SESS-2981,ACT-OC-100243,browse,gpt-4o,0.0177,COMPLETED,PROD-A
2026-04-07T16:16:19Z,vequil-alpha,OC-SESS-9259,ACT-OC-100244,read,gpt-4o,0.06,COMPLETED,PROD-A
2026-04-07T19:24:46Z,infra-agent,OC-SESS-7406,ACT-OC-100245,browse,gpt-4o,0.0471,COMPLETED,PROD-A
2026-04-07T16:14:14Z,infra-agent,OC-SESS-3881,ACT-OC-100246,read,gpt-4o,0.0955,COMPLETED,PROD-A
2026-04-07T13:57:03Z,infra-agent,OC-SESS-6071,ACT-OC-100247,browse,gpt-4o,0.0388,COMPLETED,PROD-A
2026-04-07T13:29:24Z,vequil-alpha,OC-SESS-6448,ACT-OC-100248,edit,gpt-4o,0.1344,COMPLETED,PROD-A
2026-04-07T14:06:38Z,infra-agent,OC-SESS-5459,ACT-OC-100249,shell,gpt-4o,0.1402,COMPLETED,PROD-A
2026-04-07T16:49:23Z,infra-agent,OC-SESS-5268,ACT-OC-100250,edit,gpt-4o,0.024,COMPLETED,PROD-A
2026-04-07T19:24:35Z,vequil-alpha,OC-SESS-1496,ACT-OC-100251,shell,gpt-4o,0.025,COMPLETED,PROD-A
2026-04-07T14:26:48Z,infra-agent,OC-SESS-5071,ACT-OC-100252,shell,gpt-4o,0.0261,COMPLETED,PROD-A
2026-04-07T11:58:26Z,shop-bot,OC-SESS-4134,ACT-OC-100253,browse,gpt-4o,0.0967,COMPLETED,PROD-A
2026-04-07T11:50:23Z,infra-agent,OC-SESS-8363,ACT-OC-100254,browse,gpt-4o,0.0271,COMPLETED,PROD-A
2026-04-07T17:57:07Z,shop-bot,OC-SESS-8785,ACT-OC-100255,edit,gpt-4o,0.1293,COMPLETED,PROD-A
2026-04-07T18:47:55Z,infra-agent,OC-SESS-7752,ACT-OC-100256,browse,gpt-4o,0.1156,COMPLETED,PROD-A
2026-04-07T10:15:48Z,vequil-alpha,OC-SESS-1278,ACT-OC-100257,shell,gpt-4o,0.1248,COMPLETED,PROD-A
2026-04-07T09:47:55Z,shop-bot,OC-SESS-8570,ACT-OC-100258,browse,gpt-4o,0.0836,COMPLETED,PROD-A
2026-04-07T16:07:59Z,vequil-alpha,OC-SESS-4567,ACT-OC-100259,browse,gpt-4o,0.1495,COMPLETED,PROD-A
2026-04-07T10:45:14Z,vequil-alpha,OC-SESS-4746,ACT-OC-100260,edit,gpt-4o,0.0162,COMPLETED,PROD-A
2026-04-07T18:53:45Z,vequil-alpha,OC-SESS-9505,ACT-OC-100261,edit,gpt-4o,0.0662,COMPLETED,PROD-A
2026-04-07T12:43:26Z,shop-bot,OC-SESS-8804,ACT-OC-100262,shell,gpt-4o,0.0554,COMPLETED,PROD-A
2026-04-07T10:43:35Z,vequil-alpha,OC-SESS-1457,ACT-OC-100263,edit,gpt-4o,0.1428,COMPLETED,PROD-A
2026-04-07T20:03:05Z,infra-agent,OC-SESS-4238,ACT-OC-100264,edit,gpt-4o,0.0908,COMPLETED,PROD-A
2026-04-07T10:59:10Z,shop-bot,OC-SESS-7746,ACT-OC-100265,read,gpt-4o,0.1229,COMPLETED,PROD-A
2026-04-07T12:24:59Z,infra-agent,OC-SESS-5849,ACT-OC-100266,edit,gpt-4o,0.0338,COMPLETED,PROD-A
2026-04-07T10:50:36Z,infra-agent,OC-SESS-3318,ACT-OC-100267,read,gpt-4o,0.147,COMPLETED,PROD-A
2026-04-07T10:23:09Z,vequil-alpha,OC-SESS-5722,ACT-OC-100268,shell,gpt-4o,0.0798,COMPLETED,PROD-A
2026-04-07T09:15:13Z,vequil-alpha,OC-SESS-8798,ACT-OC-100269,edit,gpt-4o,0.0791,COMPLETED,PROD-A
2026-04-07T09:39:53Z,shop-bot,OC-SESS-3009,ACT-OC-100270,shell,gpt-4o,0.1459,COMPLETED,PROD-A
2026-04-07T11:05:44Z,shop-bot,OC-SESS-7713,ACT-OC-100271,shell,gpt-4o,0.0633,COMPLETED,PROD-A
2026-04-07T09:38:26Z,vequil-alpha,OC-SESS-7612,ACT-OC-100272,read,gpt-4o,0.0657,COMPLETED,PROD-A
2026-04-07T16:05:37Z,infra-agent,OC-SESS-8970,ACT-OC-100273,browse,gpt-4o,0.0919,COMPLETED,PROD-A
2026-04-07T17:10:06Z,shop-bot,OC-SESS-3681,ACT-OC-100274,edit,gpt-4o,0.0279,COMPLETED,PROD-A
2026-04-07T13:43:24Z,infra-agent,OC-SESS-2943,ACT-OC-100275,edit,gpt-4o,0.055,COMPLETED,PROD-A
2026-04-07T12:48:57Z,vequil-alpha,OC-SESS-5928,ACT-OC-100276,edit,gpt-4o,0.037,COMPLETED,PROD-A
2026-04-07T15:03:15Z,infra-agent,OC-SESS-5781,ACT-OC-100277,shell,gpt-4o,0.0245,COMPLETED,PROD-A
2026-04-07T19:30:00Z,vequil-alpha,OC-SESS-4685,ACT-OC-100278,shell,gpt-4o,0.1313,COMPLETED,PROD-A
2026-04-07T19:12:48Z,shop-bot,OC-SESS-8012,ACT-OC-100279,shell,gpt-4o,0.0925,COMPLETED,PROD-A
2026-04-07T09:31:18Z,shop-bot,OC-SESS-8190,ACT-OC-100280,read,gpt-4o,0.0602,COMPLETED,PROD-A
2026-04-07T11:10:40Z,infra-agent,OC-SESS-3211,ACT-OC-100281,shell,gpt-4o,0.0672,COMPLETED,PROD-A
2026-04-07T11:50:27Z,vequil-alpha,OC-SESS-8158,ACT-OC-100282,edit,gpt-4o,0.0704,COMPLETED,PROD-A
2026-04-07T11:59:33Z,vequil-alpha,OC-SESS-3076,ACT-OC-100283,browse,gpt-4o,0.0986,COMPLETED,PROD-A
2026-04-07T15:51:17Z,shop-bot,OC-SESS-4668,ACT-OC-100284,shell,gpt-4o,0.1397,COMPLETED,PROD-A
2026-04-07T13:59:42Z,shop-bot,OC-SESS-1244,ACT-OC-100285,browse,gpt-4o,0.1406,COMPLETED,PROD-A
2026-04-07T09:35:27Z,vequil-alpha,OC-SESS-4063,ACT-OC-100286,shell,gpt-4o,0.0648,COMPLETED,PROD-A
2026-04-07T13:29:00Z,vequil-alpha,OC-SESS-9625,ACT-OC-100287,shell,gpt-4o,0.0561,COMPLETED,PROD-A
2026-04-07T15:17:06Z,vequil-alpha,OC-SESS-4982,ACT-OC-100288,shell,gpt-4o,0.0731,COMPLETED,PROD-A
2026-04-07T10:13:12Z,shop-bot,OC-SESS-7389,ACT-OC-100289,read,gpt-4o,0.0895,COMPLETED,PROD-A
2026-04-07T19:00:05Z,shop-bot,OC-SESS-1971,ACT-OC-100290,edit,gpt-4o,0.0747,COMPLETED,PROD-A
2026-04-07T09:37:24Z,shop-bot,OC-SESS-6719,ACT-OC-100291,read,gpt-4o,0.1022,COMPLETED,PROD-A
2026-04-07T20:05:53Z,infra-agent,OC-SESS-4343,ACT-OC-100292,browse,gpt-4o,0.0876,COMPLETED,PROD-A
2026-04-07T10:11:21Z,vequil-alpha,OC-SESS-7695,ACT-OC-100293,shell,gpt-4o,0.0549,COMPLETED,PROD-A
2026-04-07T19:07:22Z,infra-agent,OC-SESS-9351,ACT-OC-100294,edit,gpt-4o,0.0584,COMPLETED,PROD-A
2026-04-07T19:49:54Z,infra-agent,OC-SESS-5783,ACT-OC-100295,read,gpt-4o,0.063,COMPLETED,PROD-A
2026-04-07T20:45:17Z,vequil-alpha,OC-SESS-1925,ACT-OC-100296,edit,gpt-4o,0.0232,COMPLETED,PROD-A
2026-04-07T18:37:27Z,vequil-alpha,OC-SESS-5284,ACT-OC-100297,shell,gpt-4o,0.0332,COMPLETED,PROD-A
2026-04-07T18:21:13Z,vequil-alpha,OC-SESS-2107,ACT-OC-100298,browse,gpt-4o,0.1112,COMPLETED,PROD-A
2026-04-07T16:42:35Z,vequil-alpha,OC-SESS-5045,ACT-OC-100299,read,gpt-4o,0.0645,COMPLETED,PROD-A
2026-04-07T18:20:52Z,shop-bot,OC-SESS-1550,ACT-OC-100300,edit,gpt-4o,0.04,COMPLETED,PROD-A
2026-04-07T10:36:52Z,vequil-alpha,OC-SESS-6763,ACT-OC-100301,read,gpt-4o,0.0888,COMPLETED,PROD-A
2026-04-07T15:25:58Z,vequil-alpha,OC-SESS-3793,ACT-OC-100302,edit,gpt-4o,0.1158,COMPLETED,PROD-A
2026-04-07T15:10:14Z,shop-bot,OC-SESS-2813,ACT-OC-100303,shell,gpt-4o,0.046,COMPLETED,PROD-A
2026-04-07T19:17:27Z,infra-agent,OC-SESS-1155,ACT-OC-100304,read,gpt-4o,0.1258,COMPLETED,PROD-A
2026-04-07T14:33:12Z,vequil-alpha,OC-SESS-8991,ACT-OC-100305,read,gpt-4o,0.1399,COMPLETED,PROD-A
2026-04-07T13:37:15Z,infra-agent,OC-SESS-8533,ACT-OC-100306,edit,gpt-4o,0.0936,COMPLETED,PROD-A
2026-04-07T16:40:29Z,shop-bot,OC-SESS-8304,ACT-OC-100307,read,gpt-4o,0.1037,COMPLETED,PROD-A
2026-04-07T12:11:51Z,infra-agent,OC-SESS-1523,ACT-OC-100308,shell,gpt-4o,0.0174,COMPLETED,PROD-A
2026-04-07T10:40:37Z,vequil-alpha,OC-SESS-4145,ACT-OC-100309,read,gpt-4o,0.1424,COMPLETED,PROD-A
2026-04-07T14:44:04Z,shop-bot,OC-SESS-9741,ACT-OC-100310,shell,gpt-4o,0.0649,COMPLETED,PROD-A
2026-04-07T14:00:09Z,infra-agent,OC-SESS-6206,ACT-OC-100311,read,gpt-4o,0.1393,COMPLETED,PROD-A
2026-04-07T11:47:27Z,vequil-alpha,OC-SESS-2156,ACT-OC-100312,shell,gpt-4o,0.0911,COMPLETED,PROD-A
2026-04-07T13:24:36Z,infra-agent,OC-SESS-2269,ACT-OC-100313,edit,gpt-4o,0.0106,COMPLETED,PROD-A
2026-04-07T13:23:48Z,shop-bot,OC-SESS-3367,ACT-OC-100314,read,gpt-4o,0.0154,COMPLETED,PROD-A
2026-04-07T12:55:47Z,shop-bot,OC-SESS-9750,ACT-OC-100315,shell,gpt-4o,0.1053,COMPLETED,PROD-A
2026-04-07T13:33:12Z,shop-bot,OC-SESS-2526,ACT-OC-100316,shell,gpt-4o,0.0888,COMPLETED,PROD-A
2026-04-07T17:13:44Z,shop-bot,OC-SESS-9125,ACT-OC-100317,read,gpt-4o,0.0137,COMPLETED,PROD-A
2026-04-07T12:33:45Z,vequil-alpha,OC-SESS-7101,ACT-OC-100318,shell,gpt-4o,0.1141,COMPLETED,PROD-A
2026-04-07T20:23:10Z,infra-agent,OC-SESS-9296,ACT-OC-100319,edit,gpt-4o,0.1293,COMPLETED,PROD-A
2026-04-07T19:59:46Z,shop-bot,OC-SESS-8433,ACT-OC-100320,read,gpt-4o,0.0795,COMPLETED,PROD-A
2026-04-07T14:46:15Z,infra-agent,OC-SESS-3989,ACT-OC-100321,edit,gpt-4o,0.0752,COMPLETED,PROD-A
2026-04-07T12:56:25Z,shop-bot,OC-SESS-8450,ACT-OC-100322,browse,gpt-4o,0.0108,COMPLETED,PROD-A
2026-04-07T15:25:30Z,shop-bot,OC-SESS-2522,ACT-OC-100323,browse,gpt-4o,0.1201,COMPLETED,PROD-A
2026-04-07T19:10:57Z,shop-bot,OC-SESS-3618,ACT-OC-100324,edit,gpt-4o,0.0563,COMPLETED,PROD-A
2026-04-07T16:49:51Z,infra-agent,OC-SESS-2905,ACT-OC-100325,edit,gpt-4o,0.133,COMPLETED,PROD-A
2026-04-07T18:39:09Z,infra-agent,OC-SESS-2198,ACT-OC-100326,edit,gpt-4o,0.0622,COMPLETED,PROD-A
2026-04-07T15:23:33Z,infra-agent,OC-SESS-1809,ACT-OC-100327,shell,gpt-4o,0.0891,COMPLETED,PROD-A
2026-04-07T16:35:42Z,shop-bot,OC-SESS-2686,ACT-OC-100328,edit,gpt-4o,0.0478,COMPLETED,PROD-A
2026-04-07T12:27:28Z,infra-agent,OC-SESS-2080,ACT-OC-100329,edit,gpt-4o,0.0325,COMPLETED,PROD-A
2026-04-07T17:49:07Z,shop-bot,OC-SESS-4423,ACT-OC-100330,edit,gpt-4o,0.1185,COMPLETED,PROD-A
2026-04-07T11:25:43Z,shop-bot,OC-SESS-1641,ACT-OC-100331,shell,gpt-4o,0.0795,COMPLETED,PROD-A
2026-04-07T17:20:15Z,infra-agent,OC-SESS-1551,ACT-OC-100332,edit,gpt-4o,0.0851,COMPLETED,PROD-A
2026-04-07T19:19:43Z,vequil-alpha,OC-SESS-9907,ACT-OC-100333,edit,gpt-4o,0.1452,COMPLETED,PROD-A
2026-04-07T10:35:06Z,infra-agent,OC-SESS-1789,ACT-OC-100334,shell,gpt-4o,0.1449,COMPLETED,PROD-A
2026-04-07T16:22:21Z,vequil-alpha,OC-SESS-1666,ACT-OC-100335,read,gpt-4o,0.1298,COMPLETED,PROD-A
2026-04-07T10:08:28Z,shop-bot,OC-SESS-1270,ACT-OC-100336,edit,gpt-4o,0.0363,COMPLETED,PROD-A
2026-04-07T17:42:30Z,shop-bot,OC-SESS-2192,ACT-OC-100337,browse,gpt-4o,0.0932,COMPLETED,PROD-A
2026-04-07T10:00:50Z,shop-bot,OC-SESS-5750,ACT-OC-100338,edit,gpt-4o,0.1329,COMPLETED,PROD-A
2026-04-07T20:13:52Z,shop-bot,OC-SESS-8444,ACT-OC-100339,edit,gpt-4o,0.0624,COMPLETED,PROD-A
2026-04-07T10:38:56Z,shop-bot,OC-SESS-7613,ACT-OC-100340,edit,gpt-4o,0.0242,COMPLETED,PROD-A
2026-04-07T20:30:23Z,shop-bot,OC-SESS-6221,ACT-OC-100341,browse,gpt-4o,0.1235,COMPLETED,PROD-A
2026-04-07T18:36:38Z,shop-bot,OC-SESS-1765,ACT-OC-100342,read,gpt-4o,0.0774,COMPLETED,PROD-A
2026-04-07T16:07:27Z,shop-bot,OC-SESS-7968,ACT-OC-100343,read,gpt-4o,0.089,COMPLETED,PROD-A
2026-04-07T18:23:29Z,infra-agent,OC-SESS-1335,ACT-OC-100344,shell,gpt-4o,0.1475,COMPLETED,PROD-A
2026-04-07T18:32:28Z,shop-bot,OC-SESS-6677,ACT-OC-100345,edit,gpt-4o,0.095,COMPLETED,PROD-A
2026-04-07T20:21:08Z,shop-bot,OC-SESS-4683,ACT-OC-100346,shell,gpt-4o,0.0695,COMPLETED,PROD-A
2026-04-07T12:02:26Z,infra-agent,OC-SESS-8938,ACT-OC-100347,browse,gpt-4o,0.0618,COMPLETED,PROD-A
2026-04-07T16:04:51Z,infra-agent,OC-SESS-3767,ACT-OC-100348,read,gpt-4o,0.0685,COMPLETED,PROD-A
2026-04-07T10:08:26Z,vequil-alpha,OC-SESS-6745,ACT-OC-100349,shell,gpt-4o,0.0266,COMPLETED,PROD-A
2026-04-07T16:23:38Z,infra-agent,OC-SESS-4959,ACT-OC-100350,browse,gpt-4o,0.1213,COMPLETED,PROD-A
2026-04-07T11:03:19Z,vequil-alpha,OC-SESS-5698,ACT-OC-100351,shell,gpt-4o,0.1273,COMPLETED,PROD-A
2026-04-07T15:46:45Z,vequil-alpha,OC-SESS-9448,ACT-OC-100352,edit,gpt-4o,0.0498,COMPLETED,PROD-A
2026-04-07T15:52:08Z,infra-agent,OC-SESS-7414,ACT-OC-100353,browse,gpt-4o,0.0525,COMPLETED,PROD-A
2026-04-07T14:35:30Z,vequil-alpha,OC-SESS-4730,ACT-OC-100354,edit,gpt-4o,0.1324,COMPLETED,PROD-A
2026-04-07T15:16:17Z,infra-agent,OC-SESS-5026,ACT-OC-100355,read,gpt-4o,0.0134,COMPLETED,PROD-A
2026-04-07T18:10:01Z,infra-agent,OC-SESS-7340,ACT-OC-100356,edit,gpt-4o,0.0829,COMPLETED,PROD-A
2026-04-07T18:35:27Z,infra-agent,OC-SESS-4114,ACT-OC-100357,edit,gpt-4o,0.0749,COMPLETED,PROD-A
2026-04-07T14:54:21Z,infra-agent,OC-SESS-2510,ACT-OC-100358,shell,gpt-4o,0.1066,COMPLETED,PROD-A
2026-04-07T16:11:42Z,infra-agent,OC-SESS-5208,ACT-OC-100359,shell,gpt-4o,0.0329,COMPLETED,PROD-A
2026-04-07T20:10:29Z,vequil-alpha,OC-SESS-1613,ACT-OC-100360,read,gpt-4o,0.1036,COMPLETED,PROD-A
2026-04-07T10:26:12Z,infra-agent,OC-SESS-2527,ACT-OC-100361,read,gpt-4o,0.0627,COMPLETED,PROD-A
2026-04-07T10:24:18Z,vequil-alpha,OC-SESS-4785,ACT-OC-100362,edit,gpt-4o,0.0966,COMPLETED,PROD-A
2026-04-07T10:03:09Z,vequil-alpha,OC-SESS-8168,ACT-OC-100363,browse,gpt-4o,0.0156,COMPLETED,PROD-A
2026-04-07T16:53:39Z,vequil-alpha,OC-SESS-8031,ACT-OC-100364,shell,gpt-4o,0.0746,COMPLETED,PROD-A
2026-04-07T14:01:23Z,shop-bot,OC-SESS-3346,ACT-OC-100365,read,gpt-4o,0.0831,COMPLETED,PROD-A
2026-04-07T18:17:30Z,infra-agent,OC-SESS-4796,ACT-OC-100366,read,gpt-4o,0.04,COMPLETED,PROD-A
2026-04-07T17:03:17Z,vequil-alpha,OC-SESS-2381,ACT-OC-100367,shell,gpt-4o,0.0295,COMPLETED,PROD-A
2026-04-07T13:00:13Z,infra-agent,OC-SESS-7796,ACT-OC-100368,edit,gpt-4o,0.0364,COMPLETED,PROD-A
2026-04-07T19:46:49Z,shop-bot,OC-SESS-3216,ACT-OC-100369,edit,gpt-4o,0.0582,COMPLETED,PROD-A
2026-04-07T18:09:01Z,shop-bot,OC-SESS-8194,ACT-OC-100370,browse,gpt-4o,0.0236,COMPLETED,PROD-A
2026-04-07T12:14:47Z,infra-agent,OC-SESS-8577,ACT-OC-100371,read,gpt-4o,0.1426,COMPLETED,PROD-A
2026-04-07T13:22:13Z,shop-bot,OC-SESS-7201,ACT-OC-100372,shell,gpt-4o,0.0667,COMPLETED,PROD-A
2026-04-07T12:46:23Z,shop-bot,OC-SESS-3971,ACT-OC-100373,browse,gpt-4o,0.1233,COMPLETED,PROD-A
2026-04-07T10:53:28Z,infra-agent,OC-SESS-9575,ACT-OC-100374,shell,gpt-4o,0.1464,COMPLETED,PROD-A
2026-04-07T10:46:24Z,shop-bot,OC-SESS-7173,ACT-OC-100375,edit,gpt-4o,0.0213,COMPLETED,PROD-A
2026-04-07T20:14:00Z,shop-bot,OC-SESS-6811,ACT-OC-100376,edit,gpt-4o,0.1012,COMPLETED,PROD-A
2026-04-07T14:15:17Z,vequil-alpha,OC-SESS-8706,ACT-OC-100377,read,gpt-4o,0.132,COMPLETED,PROD-A
2026-04-07T13:35:59Z,vequil-alpha,OC-SESS-8932,ACT-OC-100378,edit,gpt-4o,0.0988,COMPLETED,PROD-A
2026-04-07T17:45:22Z,vequil-alpha,OC-SESS-1699,ACT-OC-100379,shell,gpt-4o,0.0701,COMPLETED,PROD-A
2026-04-07T15:38:09Z,vequil-alpha,OC-SESS-8933,ACT-OC-100380,browse,gpt-4o,0.0704,COMPLETED,PROD-A
2026-04-07T20:14:01Z,vequil-alpha,OC-SESS-7884,ACT-OC-100381,shell,gpt-4o,0.015,COMPLETED,PROD-A
2026-04-07T18:21:49Z,infra-agent,OC-SESS-2858,ACT-OC-100382,edit,gpt-4o,0.0848,COMPLETED,PROD-A
2026-04-07T14:45:08Z,vequil-alpha,OC-SESS-3768,ACT-OC-100383,edit,gpt-4o,0.1491,COMPLETED,PROD-A
2026-04-07T13:30:58Z,shop-bot,OC-SESS-7773,ACT-OC-100384,read,gpt-4o,0.1442,COMPLETED,PROD-A
2026-04-07T20:50:22Z,infra-agent,OC-SESS-2949,ACT-OC-100385,browse,gpt-4o,0.0157,COMPLETED,PROD-A
2026-04-07T17:36:47Z,infra-agent,OC-SESS-5071,ACT-OC-100386,browse,gpt-4o,0.1088,COMPLETED,PROD-A
2026-04-07T20:24:51Z,shop-bot,OC-SESS-7199,ACT-OC-100387,shell,gpt-4o,0.0522,COMPLETED,PROD-A
2026-04-07T10:25:18Z,vequil-alpha,OC-SESS-6853,ACT-OC-100388,browse,gpt-4o,0.1364,COMPLETED,PROD-A
2026-04-07T19:12:23Z,infra-agent,OC-SESS-9187,ACT-OC-100389,browse,gpt-4o,0.0163,COMPLETED,PROD-A
2026-04-07T16:38:41Z,vequil-alpha,OC-SESS-2003,ACT-OC-100390,read,gpt-4o,0.141,COMPLETED,PROD-A
2026-04-07T10:27:47Z,infra-agent,OC-SESS-3654,ACT-OC-100391,read,gpt-4o,0.1272,COMPLETED,PROD-A
2026-04-07T16:03:32Z,infra-agent,OC-SESS-9862,ACT-OC-100392,shell,gpt-4o,0.0265,COMPLETED,PROD-A
2026-04-07T17:13:59Z,vequil-alpha,OC-SESS-6118,ACT-OC-100393,browse,gpt-4o,0.0184,COMPLETED,PROD-A
2026-04-07T09:08:51Z,infra-agent,OC-SESS-3238,ACT-OC-100394,edit,gpt-4o,0.1269,COMPLETED,PROD-A
2026-04-07T14:27:06Z,vequil-alpha,OC-SESS-3608,ACT-OC-100395,browse,gpt-4o,0.0318,COMPLETED,PROD-A
2026-04-07T18:54:17Z,vequil-alpha,OC-SESS-4052,ACT-OC-100396,shell,gpt-4o,0.0849,COMPLETED,PROD-A
2026-04-07T12:32:39Z,infra-agent,OC-SESS-5988,ACT-OC-100397,read,gpt-4o,0.1382,COMPLETED,PROD-A
2026-04-07T14:30:09Z,infra-agent,OC-SESS-3560,ACT-OC-100398,edit,gpt-4o,0.0894,COMPLETED,PROD-A
2026-04-07T14:18:27Z,vequil-alpha,OC-SESS-6596,ACT-OC-100399,edit,gpt-4o,0.0656,COMPLETED,PROD-A
2026-04-07T13:12:44Z,OpenClaw-Lab,sess_123,test_verification_01,web_search,gpt-4o,—,COMPLETED,—
